{
  "none": {
    "accuracy": 0.9983333333333334,
    "macro_f1": 0.9981130592027675,
    "overhead_bytes": 0.0
  },
  "padding": {
    "accuracy": 0.9983333333333334,
    "macro_f1": 0.9981130592027675,
    "overhead_bytes": 1.1259206533432007
  },
  "timing": {
    "accuracy": 0.9983333333333334,
    "macro_f1": 0.9981130592027675,
    "overhead_bytes": 0.0
  },
  "dummy": {
    "accuracy": 0.9983333333333334,
    "macro_f1": 0.9981130592027675,
    "overhead_bytes": 0.0
  },
  "combined": {
    "accuracy": 0.9983333333333334,
    "macro_f1": 0.9981130592027675,
    "overhead_bytes": 1.1259105205535889
  }
}