{
  "none": {
    "accuracy": 0.7328711484593838,
    "macro_f1": 0.7316912096147858,
    "overhead_bytes": 0.0
  },
  "padding": {
    "accuracy": 0.7194817927170869,
    "macro_f1": 0.7180388486528209,
    "overhead_bytes": 1.1259206533432007
  },
  "timing": {
    "accuracy": 0.7328571428571429,
    "macro_f1": 0.732035338790064,
    "overhead_bytes": 0.0
  },
  "dummy": {
    "accuracy": 0.689453781512605,
    "macro_f1": 0.6896462499459595,
    "overhead_bytes": 0.0
  },
  "combined": {
    "accuracy": 0.6927591036414564,
    "macro_f1": 0.6929935196693631,
    "overhead_bytes": 1.1259105205535889
  }
}