{
  "task": "workflow",
  "chance": 0.25,
  "latency_overhead_note": "CONFOUNDED \u2014 the rate/pad defended sets were collected separately from the baseline, so absolute trace durations are not a controlled comparison (pad even reads negative). The latency_overhead fields are retained for the record but are NOT a defense cost; only byte_overhead (bandwidth) is reported.",
  "none": {
    "accuracy": 0.6566666666666666,
    "accuracy_ci_lo": 0.6192032854980841,
    "accuracy_ci_hi": 0.6949543886295024,
    "macro_f1": 0.6562427793284122,
    "macro_f1_ci_lo": 0.6187135390732961,
    "macro_f1_ci_hi": 0.6914489302640864,
    "ci_method": "group_bootstrap",
    "ci_n_clusters": 289,
    "byte_overhead": 0.0,
    "latency_overhead": 0.0,
    "mean_trace_bytes": 137429.87166666667,
    "mean_trace_dur_s": 19.904822296301525
  },
  "rate": {
    "accuracy": 0.53,
    "accuracy_ci_lo": 0.48585587260004015,
    "accuracy_ci_hi": 0.5716819808401983,
    "macro_f1": 0.5311526092089043,
    "macro_f1_ci_lo": 0.4822914461546283,
    "macro_f1_ci_hi": 0.5723707651291391,
    "ci_method": "group_bootstrap",
    "ci_n_clusters": 289,
    "acc_drop": 0.1266666666666666,
    "macro_f1_drop": 0.12509017011950796,
    "above_chance_retention": 0.6885245901639345,
    "above_chance_retention_f1": 0.692080262137082,
    "byte_overhead": 0.3493885360173332,
    "latency_overhead": 0.11869760158282183,
    "mean_trace_bytes": 185446.29333333333,
    "mean_trace_dur_s": 22.267476962804793
  },
  "pad": {
    "accuracy": 0.54,
    "accuracy_ci_lo": 0.4983327702702703,
    "accuracy_ci_hi": 0.5793857361105935,
    "macro_f1": 0.5443335284832681,
    "macro_f1_ci_lo": 0.5031494878217206,
    "macro_f1_ci_hi": 0.5795444072937072,
    "ci_method": "group_bootstrap",
    "ci_n_clusters": 289,
    "acc_drop": 0.11666666666666659,
    "macro_f1_drop": 0.11190925084514414,
    "above_chance_retention": 0.7131147540983608,
    "above_chance_retention_f1": 0.7245261785818101,
    "byte_overhead": 0.3081819681536242,
    "latency_overhead": -0.5397941376305344,
    "mean_trace_bytes": 179783.28,
    "mean_trace_dur_s": 9.16031591018041
  }
}