{
  "model": "transformer",
  "task": "topology",
  "cv": {
    "accuracy": {
      "mean": 0.674001874158944,
      "std": 0.25969854902492395
    },
    "f1_macro": {
      "mean": 0.6185752257459105,
      "std": 0.30507060865417024
    },
    "precision_macro": {
      "mean": 0.6327923606920096,
      "std": 0.0
    },
    "recall_macro": {
      "mean": 0.6717460317460319,
      "std": 0.0
    }
  },
  "n_folds": 5,
  "folds": [
    {
      "task": "topology",
      "n_samples": 122,
      "accuracy": 0.47540983606557374,
      "macro_f1": 0.3912969021365968,
      "macro_precision": 0.41877544373880476,
      "macro_recall": 0.467063492063492,
      "per_class": {
        "chain": {
          "precision": 0.1,
          "recall": 0.025,
          "f1": 0.04000000000000001,
          "support": 40
        },
        "mesh": {
          "precision": 0.6956521739130435,
          "recall": 0.4,
          "f1": 0.507936507936508,
          "support": 40
        },
        "star": {
          "precision": 0.4606741573033708,
          "recall": 0.9761904761904762,
          "f1": 0.6259541984732824,
          "support": 42
        }
      },
      "random_baseline_accuracy": 0.3333333333333333,
      "majority_baseline_accuracy": 0.3442622950819672,
      "majority_baseline_f1": 0.17073170731707318,
      "above_random": true,
      "above_majority": true,
      "fold": 0
    },
    {
      "task": "topology",
      "n_samples": 119,
      "accuracy": 0.47058823529411764,
      "macro_f1": 0.37111318407960203,
      "macro_precision": 0.37295321637426904,
      "macro_recall": 0.47500000000000003,
      "per_class": {
        "chain": {
          "precision": 0.0,
          "recall": 0.0,
          "f1": 0.0,
          "support": 40
        },
        "mesh": {
          "precision": 0.7083333333333334,
          "recall": 0.425,
          "f1": 0.53125,
          "support": 40
        },
        "star": {
          "precision": 0.4105263157894737,
          "recall": 1.0,
          "f1": 0.582089552238806,
          "support": 39
        }
      },
      "random_baseline_accuracy": 0.3333333333333333,
      "majority_baseline_accuracy": 0.33613445378151263,
      "majority_baseline_f1": 0.16771488469601678,
      "above_random": true,
      "above_majority": true,
      "fold": 1
    },
    {
      "task": "topology",
      "n_samples": 120,
      "accuracy": 1.0,
      "macro_f1": 1.0,
      "macro_precision": 1.0,
      "macro_recall": 1.0,
      "per_class": {
        "chain": {
          "precision": 1.0,
          "recall": 1.0,
          "f1": 1.0,
          "support": 39
        },
        "mesh": {
          "precision": 1.0,
          "recall": 1.0,
          "f1": 1.0,
          "support": 40
        },
        "star": {
          "precision": 1.0,
          "recall": 1.0,
          "f1": 1.0,
          "support": 41
        }
      },
      "random_baseline_accuracy": 0.3333333333333333,
      "majority_baseline_accuracy": 0.3416666666666667,
      "majority_baseline_f1": 0.16977225672877846,
      "above_random": true,
      "above_majority": true,
      "fold": 2
    },
    {
      "task": "topology",
      "n_samples": 120,
      "accuracy": 0.9833333333333333,
      "macro_f1": 0.9835164835164836,
      "macro_precision": 0.9844961240310077,
      "macro_recall": 0.9833333333333334,
      "per_class": {
        "chain": {
          "precision": 0.9534883720930233,
          "recall": 1.0,
          "f1": 0.9761904761904763,
          "support": 41
        },
        "mesh": {
          "precision": 1.0,
          "recall": 0.95,
          "f1": 0.9743589743589743,
          "support": 40
        },
        "star": {
          "precision": 1.0,
          "recall": 1.0,
          "f1": 1.0,
          "support": 39
        }
      },
      "random_baseline_accuracy": 0.3333333333333333,
      "majority_baseline_accuracy": 0.3416666666666667,
      "majority_baseline_f1": 0.16977225672877846,
      "above_random": true,
      "above_majority": true,
      "fold": 3
    },
    {
      "task": "topology",
      "n_samples": 118,
      "accuracy": 0.4406779661016949,
      "macro_f1": 0.3469495589968703,
      "macro_precision": 0.38773701931596666,
      "macro_recall": 0.43333333333333335,
      "per_class": {
        "chain": {
          "precision": 0.37373737373737376,
          "recall": 0.925,
          "f1": 0.5323741007194245,
          "support": 40
        },
        "mesh": {
          "precision": 0.7894736842105263,
          "recall": 0.375,
          "f1": 0.5084745762711864,
          "support": 40
        },
        "star": {
          "precision": 0.0,
          "recall": 0.0,
          "f1": 0.0,
          "support": 38
        }
      },
      "random_baseline_accuracy": 0.3333333333333333,
      "majority_baseline_accuracy": 0.3389830508474576,
      "majority_baseline_f1": 0.1687763713080169,
      "above_random": true,
      "above_majority": true,
      "fold": 4
    }
  ],
  "mean_accuracy": 0.674001874158944,
  "std_accuracy": 0.25969854902492395,
  "mean_macro_f1": 0.6185752257459105,
  "std_macro_f1": 0.30507060865417024
}