{
  "model": "transformer",
  "task": "workflow",
  "cv": {
    "accuracy": {
      "mean": 0.3854201680672269,
      "std": 0.07752085531577829
    },
    "f1_macro": {
      "mean": 0.3196885714134811,
      "std": 0.12278476675967699
    },
    "precision_macro": {
      "mean": 0.3267958661001098,
      "std": 0.0
    },
    "recall_macro": {
      "mean": 0.385,
      "std": 0.0
    }
  },
  "n_folds": 5,
  "folds": [
    {
      "task": "workflow",
      "n_samples": 120,
      "accuracy": 0.38333333333333336,
      "macro_f1": 0.3281196444822655,
      "macro_precision": 0.2905193177749569,
      "macro_recall": 0.3833333333333333,
      "per_class": {
        "code_review": {
          "precision": 0.3877551020408163,
          "recall": 0.6333333333333333,
          "f1": 0.4810126582278481,
          "support": 30
        },
        "data_analysis": {
          "precision": 0.0,
          "recall": 0.0,
          "f1": 0.0,
          "support": 30
        },
        "research_retrieval": {
          "precision": 0.2894736842105263,
          "recall": 0.36666666666666664,
          "f1": 0.32352941176470584,
          "support": 30
        },
        "support_triage": {
          "precision": 0.48484848484848486,
          "recall": 0.5333333333333333,
          "f1": 0.507936507936508,
          "support": 30
        }
      },
      "random_baseline_accuracy": 0.25,
      "majority_baseline_accuracy": 0.25,
      "majority_baseline_f1": 0.1,
      "above_random": true,
      "above_majority": true,
      "fold": 0
    },
    {
      "task": "workflow",
      "n_samples": 120,
      "accuracy": 0.4583333333333333,
      "macro_f1": 0.40568283152552814,
      "macro_precision": 0.5098767334360554,
      "macro_recall": 0.45833333333333337,
      "per_class": {
        "code_review": {
          "precision": 0.4067796610169492,
          "recall": 0.8,
          "f1": 0.5393258426966292,
          "support": 30
        },
        "data_analysis": {
          "precision": 0.6666666666666666,
          "recall": 0.06666666666666667,
          "f1": 0.1212121212121212,
          "support": 30
        },
        "research_retrieval": {
          "precision": 0.36,
          "recall": 0.3,
          "f1": 0.3272727272727273,
          "support": 30
        },
        "support_triage": {
          "precision": 0.6060606060606061,
          "recall": 0.6666666666666666,
          "f1": 0.6349206349206349,
          "support": 30
        }
      },
      "random_baseline_accuracy": 0.25,
      "majority_baseline_accuracy": 0.25,
      "majority_baseline_f1": 0.1,
      "above_random": true,
      "above_majority": true,
      "fold": 1
    },
    {
      "task": "workflow",
      "n_samples": 120,
      "accuracy": 0.4666666666666667,
      "macro_f1": 0.4600364258383126,
      "macro_precision": 0.46148869246695334,
      "macro_recall": 0.4666666666666667,
      "per_class": {
        "code_review": {
          "precision": 0.4230769230769231,
          "recall": 0.36666666666666664,
          "f1": 0.3928571428571428,
          "support": 30
        },
        "data_analysis": {
          "precision": 0.4166666666666667,
          "recall": 0.5,
          "f1": 0.45454545454545453,
          "support": 30
        },
        "research_retrieval": {
          "precision": 0.43478260869565216,
          "recall": 0.3333333333333333,
          "f1": 0.3773584905660377,
          "support": 30
        },
        "support_triage": {
          "precision": 0.5714285714285714,
          "recall": 0.6666666666666666,
          "f1": 0.6153846153846153,
          "support": 30
        }
      },
      "random_baseline_accuracy": 0.25,
      "majority_baseline_accuracy": 0.25,
      "majority_baseline_f1": 0.1,
      "above_random": true,
      "above_majority": true,
      "fold": 2
    },
    {
      "task": "workflow",
      "n_samples": 120,
      "accuracy": 0.36666666666666664,
      "macro_f1": 0.30393281428170227,
      "macro_precision": 0.3090693767385497,
      "macro_recall": 0.3666666666666667,
      "per_class": {
        "code_review": {
          "precision": 0.5384615384615384,
          "recall": 0.23333333333333334,
          "f1": 0.32558139534883723,
          "support": 30
        },
        "data_analysis": {
          "precision": 0.3469387755102041,
          "recall": 0.5666666666666667,
          "f1": 0.43037974683544306,
          "support": 30
        },
        "research_retrieval": {
          "precision": 0.0,
          "recall": 0.0,
          "f1": 0.0,
          "support": 30
        },
        "support_triage": {
          "precision": 0.3508771929824561,
          "recall": 0.6666666666666666,
          "f1": 0.4597701149425287,
          "support": 30
        }
      },
      "random_baseline_accuracy": 0.25,
      "majority_baseline_accuracy": 0.25,
      "majority_baseline_f1": 0.1,
      "above_random": true,
      "above_majority": true,
      "fold": 3
    },
    {
      "task": "workflow",
      "n_samples": 119,
      "accuracy": 0.25210084033613445,
      "macro_f1": 0.10067114093959731,
      "macro_precision": 0.06302521008403361,
      "macro_recall": 0.25,
      "per_class": {
        "code_review": {
          "precision": 0.25210084033613445,
          "recall": 1.0,
          "f1": 0.40268456375838924,
          "support": 30
        },
        "data_analysis": {
          "precision": 0.0,
          "recall": 0.0,
          "f1": 0.0,
          "support": 30
        },
        "research_retrieval": {
          "precision": 0.0,
          "recall": 0.0,
          "f1": 0.0,
          "support": 30
        },
        "support_triage": {
          "precision": 0.0,
          "recall": 0.0,
          "f1": 0.0,
          "support": 29
        }
      },
      "random_baseline_accuracy": 0.25,
      "majority_baseline_accuracy": 0.25210084033613445,
      "majority_baseline_f1": 0.10067114093959731,
      "above_random": true,
      "above_majority": false,
      "fold": 4
    }
  ],
  "mean_accuracy": 0.3854201680672269,
  "std_accuracy": 0.07752085531577829,
  "mean_macro_f1": 0.3196885714134811,
  "std_macro_f1": 0.12278476675967699
}