{
  "model": "transformer",
  "task": "topology",
  "cv": {
    "accuracy": {
      "mean": 0.6682504267751741,
      "std": 0.006235845417704457
    },
    "f1_macro": {
      "mean": 0.5591810708023046,
      "std": 0.007251030493498245
    },
    "precision_macro": {
      "mean": 0.5670886075949367,
      "std": 0.0
    },
    "recall_macro": {
      "mean": 0.6683333333333332,
      "std": 0.0
    }
  },
  "n_folds": 5,
  "folds": [
    {
      "task": "topology",
      "n_samples": 123,
      "accuracy": 0.6747967479674797,
      "macro_f1": 0.5555555555555555,
      "macro_precision": 0.5,
      "macro_recall": 0.6666666666666666,
      "per_class": {
        "chain": {
          "precision": 0.0,
          "recall": 0.0,
          "f1": 0.0,
          "support": 40
        },
        "mesh": {
          "precision": 0.5,
          "recall": 1.0,
          "f1": 0.6666666666666666,
          "support": 40
        },
        "star": {
          "precision": 1.0,
          "recall": 1.0,
          "f1": 1.0,
          "support": 43
        }
      },
      "random_baseline_accuracy": 0.3333333333333333,
      "majority_baseline_accuracy": 0.34959349593495936,
      "majority_baseline_f1": 0.17269076305220885,
      "above_random": true,
      "above_majority": true,
      "fold": 0
    },
    {
      "task": "topology",
      "n_samples": 121,
      "accuracy": 0.6694214876033058,
      "macro_f1": 0.5555555555555555,
      "macro_precision": 0.5,
      "macro_recall": 0.6666666666666666,
      "per_class": {
        "chain": {
          "precision": 0.5,
          "recall": 1.0,
          "f1": 0.6666666666666666,
          "support": 40
        },
        "mesh": {
          "precision": 0.0,
          "recall": 0.0,
          "f1": 0.0,
          "support": 40
        },
        "star": {
          "precision": 1.0,
          "recall": 1.0,
          "f1": 1.0,
          "support": 41
        }
      },
      "random_baseline_accuracy": 0.3333333333333333,
      "majority_baseline_accuracy": 0.33884297520661155,
      "majority_baseline_f1": 0.16872427983539096,
      "above_random": true,
      "above_majority": true,
      "fold": 1
    },
    {
      "task": "topology",
      "n_samples": 118,
      "accuracy": 0.6610169491525424,
      "macro_f1": 0.5555555555555555,
      "macro_precision": 0.5,
      "macro_recall": 0.6666666666666666,
      "per_class": {
        "chain": {
          "precision": 0.0,
          "recall": 0.0,
          "f1": 0.0,
          "support": 40
        },
        "mesh": {
          "precision": 0.5,
          "recall": 1.0,
          "f1": 0.6666666666666666,
          "support": 40
        },
        "star": {
          "precision": 1.0,
          "recall": 1.0,
          "f1": 1.0,
          "support": 38
        }
      },
      "random_baseline_accuracy": 0.3333333333333333,
      "majority_baseline_accuracy": 0.3389830508474576,
      "majority_baseline_f1": 0.1687763713080169,
      "above_random": true,
      "above_majority": true,
      "fold": 2
    },
    {
      "task": "topology",
      "n_samples": 118,
      "accuracy": 0.6610169491525424,
      "macro_f1": 0.5555555555555555,
      "macro_precision": 0.5,
      "macro_recall": 0.6666666666666666,
      "per_class": {
        "chain": {
          "precision": 0.5,
          "recall": 1.0,
          "f1": 0.6666666666666666,
          "support": 40
        },
        "mesh": {
          "precision": 0.0,
          "recall": 0.0,
          "f1": 0.0,
          "support": 40
        },
        "star": {
          "precision": 1.0,
          "recall": 1.0,
          "f1": 1.0,
          "support": 38
        }
      },
      "random_baseline_accuracy": 0.3333333333333333,
      "majority_baseline_accuracy": 0.3389830508474576,
      "majority_baseline_f1": 0.1687763713080169,
      "above_random": true,
      "above_majority": true,
      "fold": 3
    },
    {
      "task": "topology",
      "n_samples": 120,
      "accuracy": 0.675,
      "macro_f1": 0.5736831317893011,
      "macro_precision": 0.8354430379746836,
      "macro_recall": 0.6749999999999999,
      "per_class": {
        "chain": {
          "precision": 1.0,
          "recall": 0.025,
          "f1": 0.04878048780487806,
          "support": 40
        },
        "mesh": {
          "precision": 0.5063291139240507,
          "recall": 1.0,
          "f1": 0.6722689075630253,
          "support": 40
        },
        "star": {
          "precision": 1.0,
          "recall": 1.0,
          "f1": 1.0,
          "support": 40
        }
      },
      "random_baseline_accuracy": 0.3333333333333333,
      "majority_baseline_accuracy": 0.3333333333333333,
      "majority_baseline_f1": 0.16666666666666666,
      "above_random": true,
      "above_majority": true,
      "fold": 4
    }
  ],
  "mean_accuracy": 0.6682504267751741,
  "std_accuracy": 0.006235845417704457,
  "mean_macro_f1": 0.5591810708023046,
  "std_macro_f1": 0.007251030493498245
}