{
  "model": "transformer",
  "task": "role",
  "cv": {
    "accuracy": {
      "mean": 0.6965507568200983,
      "std": 0.02615648124176892
    },
    "f1_macro": {
      "mean": 0.6843534891881726,
      "std": 0.029333337941130074
    },
    "precision_macro": {
      "mean": 0.7541559830296652,
      "std": 0.0
    },
    "recall_macro": {
      "mean": 0.695073737959399,
      "std": 0.0
    }
  },
  "n_folds": 5,
  "folds": [
    {
      "task": "role",
      "n_samples": 347,
      "accuracy": 0.6974063400576369,
      "macro_f1": 0.6803544034313266,
      "macro_precision": 0.7677390956382553,
      "macro_recall": 0.6964284635271675,
      "per_class": {
        "executor": {
          "precision": 0.6020408163265306,
          "recall": 0.9915966386554622,
          "f1": 0.7492063492063492,
          "support": 119
        },
        "retriever": {
          "precision": 0.76,
          "recall": 0.6909090909090909,
          "f1": 0.7238095238095238,
          "support": 110
        },
        "validator": {
          "precision": 0.9411764705882353,
          "recall": 0.4067796610169492,
          "f1": 0.5680473372781065,
          "support": 118
        }
      },
      "random_baseline_accuracy": 0.3333333333333333,
      "majority_baseline_accuracy": 0.34293948126801155,
      "majority_baseline_f1": 0.17024320457796852,
      "above_random": true,
      "above_majority": true,
      "fold": 0
    },
    {
      "task": "role",
      "n_samples": 348,
      "accuracy": 0.6954022988505747,
      "macro_f1": 0.6899253918576237,
      "macro_precision": 0.7536863235556863,
      "macro_recall": 0.691143062729679,
      "per_class": {
        "executor": {
          "precision": 0.5906735751295337,
          "recall": 0.95,
          "f1": 0.7284345047923322,
          "support": 120
        },
        "retriever": {
          "precision": 0.9117647058823529,
          "recall": 0.5688073394495413,
          "f1": 0.7005649717514124,
          "support": 109
        },
        "validator": {
          "precision": 0.7586206896551724,
          "recall": 0.5546218487394958,
          "f1": 0.6407766990291263,
          "support": 119
        }
      },
      "random_baseline_accuracy": 0.3333333333333333,
      "majority_baseline_accuracy": 0.3448275862068966,
      "majority_baseline_f1": 0.17094017094017092,
      "above_random": true,
      "above_majority": true,
      "fold": 1
    },
    {
      "task": "role",
      "n_samples": 349,
      "accuracy": 0.6504297994269341,
      "macro_f1": 0.6314502895419759,
      "macro_precision": 0.6851236004877507,
      "macro_recall": 0.6479211304822966,
      "per_class": {
        "executor": {
          "precision": 0.5876288659793815,
          "recall": 0.957983193277311,
          "f1": 0.7284345047923323,
          "support": 119
        },
        "retriever": {
          "precision": 0.7096774193548387,
          "recall": 0.584070796460177,
          "f1": 0.6407766990291263,
          "support": 113
        },
        "validator": {
          "precision": 0.7580645161290323,
          "recall": 0.4017094017094017,
          "f1": 0.5251396648044692,
          "support": 117
        }
      },
      "random_baseline_accuracy": 0.3333333333333333,
      "majority_baseline_accuracy": 0.34097421203438394,
      "majority_baseline_f1": 0.16951566951566951,
      "above_random": true,
      "above_majority": true,
      "fold": 2
    },
    {
      "task": "role",
      "n_samples": 351,
      "accuracy": 0.7094017094017094,
      "macro_f1": 0.7016810502261405,
      "macro_precision": 0.7730329495186052,
      "macro_recall": 0.7084710743801653,
      "per_class": {
        "executor": {
          "precision": 0.5989583333333334,
          "recall": 0.9504132231404959,
          "f1": 0.7348242811501599,
          "support": 121
        },
        "retriever": {
          "precision": 0.7857142857142857,
          "recall": 0.7,
          "f1": 0.7403846153846153,
          "support": 110
        },
        "validator": {
          "precision": 0.9344262295081968,
          "recall": 0.475,
          "f1": 0.6298342541436464,
          "support": 120
        }
      },
      "random_baseline_accuracy": 0.3333333333333333,
      "majority_baseline_accuracy": 0.34472934472934474,
      "majority_baseline_f1": 0.17090395480225987,
      "above_random": true,
      "above_majority": true,
      "fold": 3
    },
    {
      "task": "role",
      "n_samples": 352,
      "accuracy": 0.7301136363636364,
      "macro_f1": 0.7183563108837968,
      "macro_precision": 0.7911979459480287,
      "macro_recall": 0.731404958677686,
      "per_class": {
        "executor": {
          "precision": 0.6243386243386243,
          "recall": 0.9752066115702479,
          "f1": 0.7612903225806452,
          "support": 121
        },
        "retriever": {
          "precision": 0.8018867924528302,
          "recall": 0.7727272727272727,
          "f1": 0.7870370370370371,
          "support": 110
        },
        "validator": {
          "precision": 0.9473684210526315,
          "recall": 0.4462809917355372,
          "f1": 0.6067415730337079,
          "support": 121
        }
      },
      "random_baseline_accuracy": 0.3333333333333333,
      "majority_baseline_accuracy": 0.34375,
      "majority_baseline_f1": 0.17054263565891473,
      "above_random": true,
      "above_majority": true,
      "fold": 4
    }
  ],
  "mean_accuracy": 0.6965507568200983,
  "std_accuracy": 0.02615648124176892,
  "mean_macro_f1": 0.6843534891881726,
  "std_macro_f1": 0.029333337941130074
}