{
  "model": "random_forest",
  "task": "role",
  "cv": {
    "accuracy": {
      "mean": 0.7383543678266651,
      "std": 0.01370812044182037,
      "ci_lo": 0.7178019461934745,
      "ci_hi": 0.7578706353749285
    },
    "f1_macro": {
      "mean": 0.7386564152948092,
      "std": 0.01408265589971368,
      "ci_lo": 0.7182987657555098,
      "ci_hi": 0.7585718461215556
    },
    "precision_macro": {
      "mean": 0.7429928536288465,
      "std": 0.011603662877583736
    },
    "recall_macro": {
      "mean": 0.7382793699623307,
      "std": 0.014604847244937831
    },
    "confusion_matrix": {
      "labels": [
        "executor",
        "retriever",
        "validator"
      ],
      "matrix": [
        [
          465,
          53,
          82
        ],
        [
          89,
          408,
          55
        ],
        [
          114,
          64,
          417
        ]
      ]
    }
  },
  "top_features": [
    [
      "std_iat",
      0.19894081846111797
    ],
    [
      "mean_burst_dur",
      0.16667149830046898
    ],
    [
      "mean_ibg",
      0.1650130422438114
    ],
    [
      "mean_iat",
      0.16385962940105203
    ],
    [
      "duration_s",
      0.14894268487537562
    ],
    [
      "n_pkts_in",
      0.042240941058202086
    ],
    [
      "n_response_bursts",
      0.039955619956499724
    ],
    [
      "n_bursts",
      0.03763260166583309
    ],
    [
      "n_pkts_out",
      0.03674316403763914
    ],
    [
      "bytes_out",
      0.0
    ],
    [
      "bytes_in",
      0.0
    ],
    [
      "mean_sz_out",
      0.0
    ],
    [
      "std_sz_out",
      0.0
    ],
    [
      "p25_sz_out",
      0.0
    ],
    [
      "p75_sz_out",
      0.0
    ],
    [
      "mean_sz_in",
      0.0
    ],
    [
      "std_sz_in",
      0.0
    ],
    [
      "p25_sz_in",
      0.0
    ],
    [
      "p75_sz_in",
      0.0
    ],
    [
      "mean_burst_bytes",
      0.0
    ]
  ]
}