{
  "model": "cnn1d",
  "task": "role",
  "cv": {
    "accuracy": {
      "mean": 0.3344225682338444,
      "std": 0.037631712448176306
    },
    "f1_macro": {
      "mean": 0.1911717126310974,
      "std": 0.06242803377280698
    },
    "precision_macro": {
      "mean": 0.17034047042453654,
      "std": 0.13020654653550368
    },
    "recall_macro": {
      "mean": 0.35137134052388286,
      "std": 0.036076014381099135
    },
    "confusion_matrix": {
      "labels": [
        "executor",
        "retriever",
        "validator"
      ],
      "matrix": [
        [
          0,
          599,
          1
        ],
        [
          0,
          551,
          1
        ],
        [
          0,
          562,
          33
        ]
      ]
    }
  }
}