{
  "model": "random_forest",
  "task": "role",
  "cv": {
    "accuracy": {
      "mean": 0.8694458881526861,
      "std": 0.01760290270046827,
      "ci_lo": 0.8523697883460015,
      "ci_hi": 0.884712286276865
    },
    "f1_macro": {
      "mean": 0.868016285446466,
      "std": 0.017702930475403535,
      "ci_lo": 0.8511199390913051,
      "ci_hi": 0.8834246051232256
    },
    "precision_macro": {
      "mean": 0.8700123336533594,
      "std": 0.01702636188934452
    },
    "recall_macro": {
      "mean": 0.867908356551877,
      "std": 0.017596051932045297
    },
    "confusion_matrix": {
      "labels": [
        "executor",
        "retriever",
        "validator"
      ],
      "matrix": [
        [
          541,
          37,
          22
        ],
        [
          72,
          445,
          35
        ],
        [
          21,
          41,
          533
        ]
      ]
    },
    "ci_method": "group_bootstrap",
    "ci_n_clusters": 289
  },
  "top_features": [
    [
      "std_iat",
      0.07935643217311307
    ],
    [
      "cumul_bytes_q4",
      0.06102602695531494
    ],
    [
      "duration_s",
      0.060349772751450835
    ],
    [
      "mean_iat",
      0.056156949456961244
    ],
    [
      "cumul_bytes_q5",
      0.05183619929194329
    ],
    [
      "cumul_bytes_q9",
      0.050031444136285415
    ],
    [
      "mean_ibg",
      0.04996695880998711
    ],
    [
      "mean_burst_dur",
      0.048373504184937965
    ],
    [
      "bytes_in",
      0.04364901937169894
    ],
    [
      "cumul_bytes_q8",
      0.04249482533517198
    ],
    [
      "cumul_bytes_q7",
      0.04218379105305418
    ],
    [
      "mean_burst_bytes",
      0.03926210354276302
    ],
    [
      "cumul_bytes_q3",
      0.03877100663711157
    ],
    [
      "cumul_bytes_q6",
      0.037832662916950276
    ],
    [
      "std_sz_in",
      0.0372192175972125
    ],
    [
      "pkt_size_asymmetry",
      0.030048737009518076
    ],
    [
      "mean_sz_in",
      0.028927799703395745
    ],
    [
      "std_burst_bytes",
      0.02875709809045481
    ],
    [
      "bytes_out_ratio",
      0.027976902415160248
    ],
    [
      "cumul_bytes_q2",
      0.021960479939296316
    ]
  ]
}