{
  "model": "cnn1d",
  "task": "topology",
  "cv": {
    "accuracy": {
      "mean": 0.3334162398914926,
      "std": 0.005243882318333446
    },
    "f1_macro": {
      "mean": 0.1666900122532173,
      "std": 0.0019687598432565957
    },
    "precision_macro": {
      "mean": 0.11113874663049754,
      "std": 0.0017479607727778187
    },
    "recall_macro": {
      "mean": 0.3333333333333333,
      "std": 0.0
    },
    "confusion_matrix": {
      "labels": [
        "chain",
        "mesh",
        "star"
      ],
      "matrix": [
        [
          0,
          200,
          0
        ],
        [
          0,
          200,
          0
        ],
        [
          0,
          200,
          0
        ]
      ]
    }
  }
}