{
  "model": "gradient_boosted",
  "task": "role",
  "cv": {
    "accuracy": {
      "mean": 0.8648792790024539,
      "std": 0.01697270151178897,
      "ci_lo": 0.8478376390718911,
      "ci_hi": 0.8817763798837639
    },
    "f1_macro": {
      "mean": 0.8635233828420505,
      "std": 0.017153662015006347,
      "ci_lo": 0.8465568989836822,
      "ci_hi": 0.8805841699560912
    },
    "precision_macro": {
      "mean": 0.8644587018807224,
      "std": 0.01740909031885522
    },
    "recall_macro": {
      "mean": 0.8637269266918711,
      "std": 0.017288177706382933
    },
    "confusion_matrix": {
      "labels": [
        "executor",
        "retriever",
        "validator"
      ],
      "matrix": [
        [
          531,
          46,
          23
        ],
        [
          59,
          452,
          41
        ],
        [
          21,
          46,
          528
        ]
      ]
    },
    "ci_method": "group_bootstrap",
    "ci_n_clusters": 289
  },
  "top_features": [
    [
      "mean_burst_dur",
      0.0807097882083572
    ],
    [
      "cumul_bytes_q4",
      0.0546078992558672
    ],
    [
      "bytes_in",
      0.027819118488838
    ],
    [
      "std_iat",
      0.025872925014310245
    ],
    [
      "duration_s",
      0.014539210074413278
    ],
    [
      "mean_ibg",
      0.007555809959931303
    ],
    [
      "cumul_bytes_q3",
      0.006639954207212373
    ],
    [
      "cumul_bytes_q9",
      0.005495134516313671
    ],
    [
      "cumul_bytes_q2",
      0.0050372066399541945
    ],
    [
      "std_sz_in",
      0.003663423010875788
    ],
    [
      "cumul_bytes_q5",
      0.0033199771036061866
    ],
    [
      "cumul_bytes_q8",
      0.0027475672581568577
    ],
    [
      "mean_sz_in",
      0.00011448196908987462
    ],
    [
      "n_pkts_out",
      0.0
    ],
    [
      "n_pkts_in",
      0.0
    ],
    [
      "bytes_out",
      0.0
    ],
    [
      "mean_sz_out",
      0.0
    ],
    [
      "std_sz_out",
      0.0
    ],
    [
      "p25_sz_out",
      0.0
    ],
    [
      "p75_sz_out",
      0.0
    ]
  ]
}