{
  "workflow": {
    "chance": 0.25,
    "lan_internal": {
      "f1": 0.6627483284957234,
      "ci_lo": 0.6254038453446249,
      "ci_hi": 0.7020069672877631,
      "acc": 0.6649999999999999,
      "n": 600,
      "classes": [
        "code_review",
        "data_analysis",
        "research_retrieval",
        "support_triage"
      ]
    },
    "wan_internal": {
      "f1": 0.6160040816489165,
      "ci_lo": 0.581910351888544,
      "ci_hi": 0.6526286251271338,
      "acc": 0.6168067226890755,
      "n": 595,
      "classes": [
        "code_review",
        "data_analysis",
        "research_retrieval",
        "support_triage"
      ]
    },
    "transfer": {
      "f1": 0.19603312173235876,
      "ci_lo": 0.16922802750169685,
      "ci_hi": 0.22501397591520156,
      "acc": 0.292436974789916,
      "n": 595,
      "train_classes": [
        "code_review",
        "data_analysis",
        "research_retrieval",
        "support_triage"
      ],
      "test_classes": [
        "code_review",
        "data_analysis",
        "research_retrieval",
        "support_triage"
      ]
    }
  },
  "role": {
    "chance": 0.3333333333333333,
    "lan_internal": {
      "f1": 0.8691772755108703,
      "ci_lo": 0.8528388965111916,
      "ci_hi": 0.884734437958342,
      "acc": 0.8706018537568418,
      "n": 1747,
      "classes": [
        "executor",
        "retriever",
        "validator"
      ]
    },
    "wan_internal": {
      "f1": 0.8708276498418133,
      "ci_lo": 0.8498403220034729,
      "ci_hi": 0.8912843750941535,
      "acc": 0.8803060078470303,
      "n": 1195,
      "classes": [
        "executor",
        "retriever",
        "validator"
      ]
    },
    "transfer": {
      "f1": 0.5057130572885135,
      "ci_lo": 0.47927828503061637,
      "ci_hi": 0.5301838013757972,
      "acc": 0.4887029288702929,
      "n": 1195,
      "train_classes": [
        "executor",
        "retriever",
        "validator"
      ],
      "test_classes": [
        "executor",
        "retriever",
        "validator"
      ]
    }
  },
  "parallelism": {
    "chance": 0.5,
    "lan_internal": {
      "f1": 0.9719970361470412,
      "ci_lo": 0.9578821428169596,
      "ci_hi": 0.985,
      "acc": 0.9749145887863342,
      "n": 600,
      "classes": [
        "parallel",
        "sequential"
      ]
    },
    "wan_internal": {
      "f1": 1.0,
      "ci_lo": 1.0,
      "ci_hi": 1.0,
      "acc": 1.0,
      "n": 595,
      "classes": [
        "parallel",
        "sequential"
      ]
    },
    "transfer": {
      "f1": 0.4986211123027425,
      "ci_lo": 0.460780971661867,
      "ci_hi": 0.5408427869340208,
      "acc": 0.704201680672269,
      "n": 595,
      "train_classes": [
        "parallel",
        "sequential"
      ],
      "test_classes": [
        "parallel",
        "sequential"
      ]
    }
  },
  "topology": {
    "chance": 0.3333333333333333,
    "lan_internal": {
      "f1": 0.9849966130769534,
      "ci_lo": 0.9747334630027761,
      "ci_hi": 0.9934688961973567,
      "acc": 0.9850930022537373,
      "n": 600,
      "classes": [
        "chain",
        "mesh",
        "star"
      ]
    },
    "wan_internal": {
      "f1": 0.9966442267426796,
      "ci_lo": 0.9914362161495734,
      "ci_hi": 1.0,
      "acc": 0.9966244124768551,
      "n": 595,
      "classes": [
        "chain",
        "mesh",
        "star"
      ]
    },
    "transfer": {
      "f1": 0.5828502832728191,
      "ci_lo": 0.5454941148387128,
      "ci_hi": 0.6189557884783461,
      "acc": 0.6016806722689075,
      "n": 595,
      "train_classes": [
        "chain",
        "mesh",
        "star"
      ],
      "test_classes": [
        "chain",
        "mesh",
        "star"
      ]
    }
  }
}