{
  "workflow/AA": {
    "experiment": "A\u2192A",
    "task": "workflow",
    "n_samples": 600,
    "n_classes": 4,
    "n_splits": 5,
    "accuracy": 0.6783333333333333,
    "accuracy_std": 0.041028445416970566,
    "macro_f1": 0.6782481615313063,
    "macro_f1_std": 0.04124252665385283
  },
  "workflow/BB": {
    "experiment": "B\u2192B",
    "task": "workflow",
    "n_samples": 600,
    "n_classes": 4,
    "n_splits": 5,
    "accuracy": 0.585,
    "accuracy_std": 0.029059326290271165,
    "macro_f1": 0.5857845496363099,
    "macro_f1_std": 0.031026080056131475
  },
  "workflow/AB": {
    "experiment": "A\u2192B",
    "task": "workflow",
    "n_train": 600,
    "n_test": 600,
    "n_classes": 4,
    "accuracy": 0.31,
    "accuracy_ci_lo": 0.2733333333333333,
    "accuracy_ci_hi": 0.35,
    "macro_f1": 0.28875594935090054,
    "macro_f1_ci_lo": 0.25506526997825235,
    "macro_f1_ci_hi": 0.32602399059979104
  },
  "workflow/BA": {
    "experiment": "B\u2192A",
    "task": "workflow",
    "n_train": 600,
    "n_test": 600,
    "n_classes": 4,
    "accuracy": 0.4033333333333333,
    "accuracy_ci_lo": 0.36162500000000003,
    "accuracy_ci_hi": 0.44166666666666665,
    "macro_f1": 0.39835995526589585,
    "macro_f1_ci_lo": 0.3573076991891268,
    "macro_f1_ci_hi": 0.43546090858254466
  },
  "workflow/seg_subanalysis": {
    "seg_only": {
      "experiment": "A\u2192B  [seg_only 30-dim]",
      "task": "workflow",
      "n_train": 600,
      "n_test": 600,
      "n_classes": 4,
      "accuracy": 0.25166666666666665,
      "accuracy_ci_lo": 0.21833333333333332,
      "accuracy_ci_hi": 0.2866666666666667,
      "macro_f1": 0.2006952481429022,
      "macro_f1_ci_lo": 0.17199416584789173,
      "macro_f1_ci_hi": 0.22980191154350255
    },
    "flat_only": {
      "experiment": "A\u2192B  [flat_only 195-dim]",
      "task": "workflow",
      "n_train": 600,
      "n_test": 600,
      "n_classes": 4,
      "accuracy": 0.31,
      "accuracy_ci_lo": 0.2733333333333333,
      "accuracy_ci_hi": 0.35,
      "macro_f1": 0.28875594935090054,
      "macro_f1_ci_lo": 0.25506526997825235,
      "macro_f1_ci_hi": 0.32602399059979104
    },
    "flat+seg": {
      "experiment": "A\u2192B  [flat+seg 225-dim]",
      "task": "workflow",
      "n_train": 600,
      "n_test": 600,
      "n_classes": 4,
      "accuracy": 0.325,
      "accuracy_ci_lo": 0.28829166666666667,
      "accuracy_ci_hi": 0.36333333333333334,
      "macro_f1": 0.29835712093317385,
      "macro_f1_ci_lo": 0.2607296934370023,
      "macro_f1_ci_hi": 0.33688021967160664
    }
  },
  "role/AA": {
    "experiment": "A\u2192A",
    "task": "role",
    "n_samples": 1747,
    "n_classes": 3,
    "n_splits": 5,
    "accuracy": 0.8580556574627737,
    "accuracy_std": 0.012713019829473385,
    "macro_f1": 0.8558451984184904,
    "macro_f1_std": 0.012661199709180605
  },
  "role/BB": {
    "experiment": "B\u2192B",
    "task": "role",
    "n_samples": 1800,
    "n_classes": 3,
    "n_splits": 5,
    "accuracy": 0.9928732128682822,
    "accuracy_std": 0.00456550374972677,
    "macro_f1": 0.9928749771688166,
    "macro_f1_std": 0.004561840419810861
  },
  "role/AB": {
    "experiment": "A\u2192B",
    "task": "role",
    "n_train": 1747,
    "n_test": 1800,
    "n_classes": 3,
    "accuracy": 0.5683333333333334,
    "accuracy_ci_lo": 0.5460972222222222,
    "accuracy_ci_hi": 0.5916805555555555,
    "macro_f1": 0.568209794999444,
    "macro_f1_ci_lo": 0.5454952852256513,
    "macro_f1_ci_hi": 0.5914198714928254
  },
  "role/BA": {
    "experiment": "B\u2192A",
    "task": "role",
    "n_train": 1800,
    "n_test": 1747,
    "n_classes": 3,
    "accuracy": 0.3325701202060675,
    "accuracy_ci_lo": 0.311949055523755,
    "accuracy_ci_hi": 0.3531911848883801,
    "macro_f1": 0.19159192137573525,
    "macro_f1_ci_lo": 0.1776970531286254,
    "macro_f1_ci_hi": 0.20540169963826527
  },
  "parallelism/AA": {
    "experiment": "A\u2192A",
    "task": "parallelism",
    "n_samples": 600,
    "n_classes": 2,
    "n_splits": 5,
    "accuracy": 0.9833881982545083,
    "accuracy_std": 0.01276759179178775,
    "macro_f1": 0.9815125121775807,
    "macro_f1_std": 0.013931886783192751
  },
  "parallelism/BB": {
    "experiment": "B\u2192B",
    "task": "parallelism",
    "n_samples": 600,
    "n_classes": 2,
    "n_splits": 5,
    "accuracy": 0.9983333333333334,
    "accuracy_std": 0.003333333333333322,
    "macro_f1": 0.9981130592027675,
    "macro_f1_std": 0.0037738815944649675
  },
  "parallelism/AB": {
    "experiment": "A\u2192B",
    "task": "parallelism",
    "n_train": 600,
    "n_test": 600,
    "n_classes": 2,
    "accuracy": 0.7066666666666667,
    "accuracy_ci_lo": 0.67,
    "accuracy_ci_hi": 0.745,
    "macro_f1": 0.5169789227166276,
    "macro_f1_ci_lo": 0.4775992387385576,
    "macro_f1_ci_hi": 0.5602637860181978
  },
  "parallelism/BA": {
    "experiment": "B\u2192A",
    "task": "parallelism",
    "n_train": 600,
    "n_test": 600,
    "n_classes": 2,
    "accuracy": 0.6666666666666666,
    "accuracy_ci_lo": 0.63,
    "accuracy_ci_hi": 0.7033333333333334,
    "macro_f1": 0.6666666666666666,
    "macro_f1_ci_lo": 0.6295723346357981,
    "macro_f1_ci_hi": 0.7030033370411568
  },
  "topology/AA": {
    "experiment": "A\u2192A",
    "task": "topology",
    "n_samples": 600,
    "n_classes": 3,
    "n_splits": 5,
    "accuracy": 0.9817077574831586,
    "accuracy_std": 0.016994096414368273,
    "macro_f1": 0.9817049719795767,
    "macro_f1_std": 0.01700056026599362
  },
  "topology/BB": {
    "experiment": "B\u2192B",
    "task": "topology",
    "n_samples": 600,
    "n_classes": 3,
    "n_splits": 5,
    "accuracy": 0.9983193277310924,
    "accuracy_std": 0.003361344537815114,
    "macro_f1": 0.9983111538667094,
    "macro_f1_std": 0.0033776922665811784
  },
  "topology/AB": {
    "experiment": "A\u2192B",
    "task": "topology",
    "n_train": 600,
    "n_test": 600,
    "n_classes": 3,
    "accuracy": 0.415,
    "accuracy_ci_lo": 0.3732916666666667,
    "accuracy_ci_hi": 0.4533333333333333,
    "macro_f1": 0.3479092483605842,
    "macro_f1_ci_lo": 0.3154583819628316,
    "macro_f1_ci_hi": 0.3779632255100905
  },
  "topology/BA": {
    "experiment": "B\u2192A",
    "task": "topology",
    "n_train": 600,
    "n_test": 600,
    "n_classes": 3,
    "accuracy": 0.6666666666666666,
    "accuracy_ci_lo": 0.63,
    "accuracy_ci_hi": 0.7033333333333334,
    "macro_f1": 0.5555555555555555,
    "macro_f1_ci_lo": 0.5411551087558093,
    "macro_f1_ci_hi": 0.5686965133744748
  }
}