{
  "workflow": {
    "model": "random_forest",
    "task": "workflow",
    "train_network": "us_local",
    "test_network": "us_india_wan",
    "n_train": 600,
    "n_test": 395,
    "n_samples": 395,
    "accuracy": 0.25569620253164554,
    "macro_f1": 0.1550246523388116,
    "macro_precision": 0.2659243697478991,
    "macro_recall": 0.2639473684210526,
    "per_class": {
      "code_review": {
        "precision": 0.0,
        "recall": 0.0,
        "f1": 0.0,
        "support": 100
      },
      "data_analysis": {
        "precision": 0.24369747899159663,
        "recall": 0.9157894736842105,
        "f1": 0.3849557522123893,
        "support": 95
      },
      "research_retrieval": {
        "precision": 0.32,
        "recall": 0.08,
        "f1": 0.128,
        "support": 100
      },
      "support_triage": {
        "precision": 0.5,
        "recall": 0.06,
        "f1": 0.10714285714285712,
        "support": 100
      }
    },
    "random_baseline_accuracy": 0.25,
    "majority_baseline_accuracy": 0.25316455696202533,
    "majority_baseline_f1": 0.10101010101010101,
    "above_random": true,
    "above_majority": true
  },
  "role": {
    "model": "random_forest",
    "task": "role",
    "train_network": "us_local",
    "test_network": "us_india_wan",
    "n_train": 1747,
    "n_test": 795,
    "n_samples": 795,
    "accuracy": 0.48930817610062893,
    "macro_f1": 0.5122485650426718,
    "macro_precision": 0.7620418527156114,
    "macro_recall": 0.6014345991561182,
    "per_class": {
      "executor": {
        "precision": 0.9827586206896551,
        "recall": 0.14430379746835442,
        "f1": 0.25165562913907286,
        "support": 395
      },
      "retriever": {
        "precision": 0.33277870216306155,
        "recall": 1.0,
        "f1": 0.4993757802746567,
        "support": 200
      },
      "validator": {
        "precision": 0.9705882352941176,
        "recall": 0.66,
        "f1": 0.7857142857142857,
        "support": 200
      }
    },
    "random_baseline_accuracy": 0.3333333333333333,
    "majority_baseline_accuracy": 0.4968553459119497,
    "majority_baseline_f1": 0.22128851540616246,
    "above_random": true,
    "above_majority": false
  },
  "parallelism": {
    "model": "random_forest",
    "task": "parallelism",
    "train_network": "us_local",
    "test_network": "us_india_wan",
    "n_train": 600,
    "n_test": 395,
    "n_samples": 395,
    "accuracy": 0.5544303797468354,
    "macro_f1": 0.4360072689511942,
    "macro_precision": 0.7659574468085106,
    "macro_recall": 0.5487179487179488,
    "per_class": {
      "parallel": {
        "precision": 0.5319148936170213,
        "recall": 1.0,
        "f1": 0.6944444444444444,
        "support": 200
      },
      "sequential": {
        "precision": 1.0,
        "recall": 0.09743589743589744,
        "f1": 0.17757009345794392,
        "support": 195
      }
    },
    "random_baseline_accuracy": 0.5,
    "majority_baseline_accuracy": 0.5063291139240507,
    "majority_baseline_f1": 0.33613445378151263,
    "above_random": true,
    "above_majority": true
  },
  "topology": {
    "model": "random_forest",
    "task": "topology",
    "train_network": "us_local",
    "test_network": "us_india_wan",
    "n_train": 600,
    "n_test": 395,
    "n_samples": 395,
    "accuracy": 0.5189873417721519,
    "macro_f1": 0.33971486761710795,
    "macro_precision": 0.42649320896743576,
    "macro_recall": 0.3439316239316239,
    "per_class": {
      "chain": {
        "precision": 0.7571428571428571,
        "recall": 0.2717948717948718,
        "f1": 0.4,
        "support": 195
      },
      "mesh": {
        "precision": 0.0,
        "recall": 0.0,
        "f1": 0.0,
        "support": 0
      },
      "star": {
        "precision": 0.5223367697594502,
        "recall": 0.76,
        "f1": 0.6191446028513238,
        "support": 200
      }
    },
    "random_baseline_accuracy": 0.5,
    "majority_baseline_accuracy": 0.5063291139240507,
    "majority_baseline_f1": 0.33613445378151263,
    "above_random": true,
    "above_majority": true
  }
}