{
  "workflow/AA": {
    "experiment": "A\u2192A",
    "task": "workflow",
    "n_samples": 600,
    "n_classes": 4,
    "n_splits": 5,
    "accuracy": 0.6783333333333333,
    "accuracy_std": 0.041028445416970566,
    "accuracy_ci_lo": 0.6416666666666667,
    "accuracy_ci_hi": 0.7166666666666667,
    "macro_f1": 0.6782481615313063,
    "macro_f1_std": 0.04124252665385283,
    "macro_f1_ci_lo": 0.6399859212185132,
    "macro_f1_ci_hi": 0.716368604576696
  },
  "workflow/BB": {
    "experiment": "B\u2192B",
    "task": "workflow",
    "n_samples": 481,
    "n_classes": 4,
    "n_splits": 5,
    "accuracy": 0.6155713058419244,
    "accuracy_std": 0.04966114132593556,
    "accuracy_ci_lo": 0.5696465696465697,
    "accuracy_ci_hi": 0.659095634095634,
    "macro_f1": 0.6125169831893763,
    "macro_f1_std": 0.04784988934103884,
    "macro_f1_ci_lo": 0.5705479322976389,
    "macro_f1_ci_hi": 0.6592511668044194
  },
  "workflow/AB": {
    "experiment": "A\u2192B",
    "task": "workflow",
    "n_train": 600,
    "n_test": 481,
    "n_classes": 4,
    "accuracy": 0.6486486486486487,
    "accuracy_ci_lo": 0.6070686070686071,
    "accuracy_ci_hi": 0.6902286902286903,
    "macro_f1": 0.644004144004144,
    "macro_f1_ci_lo": 0.6051542088441862,
    "macro_f1_ci_hi": 0.6842449072824583
  },
  "workflow/BA": {
    "experiment": "B\u2192A",
    "task": "workflow",
    "n_train": 481,
    "n_test": 600,
    "n_classes": 4,
    "accuracy": 0.6133333333333333,
    "accuracy_ci_lo": 0.5733333333333334,
    "accuracy_ci_hi": 0.6533333333333333,
    "macro_f1": 0.578672891302337,
    "macro_f1_ci_lo": 0.5402015635569389,
    "macro_f1_ci_hi": 0.6194641590665237
  },
  "workflow/seg_subanalysis": {
    "seg_only": {
      "experiment": "A\u2192B  [seg_only 30-dim]",
      "task": "workflow",
      "n_train": 600,
      "n_test": 481,
      "n_classes": 4,
      "accuracy": 0.25363825363825365,
      "accuracy_ci_lo": 0.21621621621621623,
      "accuracy_ci_hi": 0.29313929313929316,
      "macro_f1": 0.2438777464236883,
      "macro_f1_ci_lo": 0.20587737730467484,
      "macro_f1_ci_hi": 0.2810955559067949
    },
    "flat_only": {
      "experiment": "A\u2192B  [flat_only 195-dim]",
      "task": "workflow",
      "n_train": 600,
      "n_test": 481,
      "n_classes": 4,
      "accuracy": 0.6486486486486487,
      "accuracy_ci_lo": 0.6070686070686071,
      "accuracy_ci_hi": 0.6902286902286903,
      "macro_f1": 0.644004144004144,
      "macro_f1_ci_lo": 0.6051542088441862,
      "macro_f1_ci_hi": 0.6842449072824583
    },
    "flat+seg": {
      "experiment": "A\u2192B  [flat+seg 225-dim]",
      "task": "workflow",
      "n_train": 600,
      "n_test": 481,
      "n_classes": 4,
      "accuracy": 0.6133056133056133,
      "accuracy_ci_lo": 0.5696465696465697,
      "accuracy_ci_hi": 0.6548856548856549,
      "macro_f1": 0.6073044279368387,
      "macro_f1_ci_lo": 0.5667610339637323,
      "macro_f1_ci_hi": 0.6483444995777554
    }
  },
  "role/AA": {
    "experiment": "A\u2192A",
    "task": "role",
    "n_samples": 1747,
    "n_classes": 3,
    "n_splits": 5,
    "accuracy": 0.8580556574627737,
    "accuracy_std": 0.012713019829473385,
    "accuracy_ci_lo": 0.8414424728105323,
    "accuracy_ci_hi": 0.874084144247281,
    "macro_f1": 0.8558451984184904,
    "macro_f1_std": 0.012661199709180605,
    "macro_f1_ci_lo": 0.8387670322899641,
    "macro_f1_ci_hi": 0.8722238727224272
  },
  "role/BB": {
    "experiment": "B\u2192B",
    "task": "role",
    "n_samples": 1396,
    "n_classes": 3,
    "n_splits": 5,
    "accuracy": 0.8846998473386878,
    "accuracy_std": 0.013416291832569899,
    "accuracy_ci_lo": 0.8681769340974212,
    "accuracy_ci_hi": 0.9004297994269341,
    "macro_f1": 0.8820236034621217,
    "macro_f1_std": 0.014215840362876509,
    "macro_f1_ci_lo": 0.865014574598352,
    "macro_f1_ci_hi": 0.8986645188449403
  },
  "role/AB": {
    "experiment": "A\u2192B",
    "task": "role",
    "n_train": 1747,
    "n_test": 1396,
    "n_classes": 3,
    "accuracy": 0.8345272206303725,
    "accuracy_ci_lo": 0.8144699140401146,
    "accuracy_ci_hi": 0.8545845272206304,
    "macro_f1": 0.8299230342124528,
    "macro_f1_ci_lo": 0.8095006579489967,
    "macro_f1_ci_hi": 0.8511766487161461
  },
  "role/BA": {
    "experiment": "B\u2192A",
    "task": "role",
    "n_train": 1396,
    "n_test": 1747,
    "n_classes": 3,
    "accuracy": 0.8448769318832284,
    "accuracy_ci_lo": 0.8271179164281626,
    "accuracy_ci_hi": 0.86090440755581,
    "macro_f1": 0.8434819151834715,
    "macro_f1_ci_lo": 0.8251918141267247,
    "macro_f1_ci_hi": 0.8594474566221288
  },
  "parallelism/AA": {
    "experiment": "A\u2192A",
    "task": "parallelism",
    "n_samples": 600,
    "n_classes": 2,
    "n_splits": 5,
    "accuracy": 0.9833881982545083,
    "accuracy_std": 0.01276759179178775,
    "accuracy_ci_lo": 0.9733333333333334,
    "accuracy_ci_hi": 0.9933333333333333,
    "macro_f1": 0.9815125121775807,
    "macro_f1_std": 0.013931886783192751,
    "macro_f1_ci_lo": 0.969190535010228,
    "macro_f1_ci_hi": 0.9923828154483445
  },
  "parallelism/BB": {
    "experiment": "B\u2192B",
    "task": "parallelism",
    "n_samples": 481,
    "n_classes": 2,
    "n_splits": 5,
    "accuracy": 0.9916653240243466,
    "accuracy_std": 0.007855054483751355,
    "accuracy_ci_lo": 0.9833679833679834,
    "accuracy_ci_hi": 0.997920997920998,
    "macro_f1": 0.990622654012884,
    "macro_f1_std": 0.008803485392234899,
    "macro_f1_ci_lo": 0.9806926110709948,
    "macro_f1_ci_hi": 0.9977410387212206
  },
  "parallelism/AB": {
    "experiment": "A\u2192B",
    "task": "parallelism",
    "n_train": 600,
    "n_test": 481,
    "n_classes": 2,
    "accuracy": 0.9958419958419958,
    "accuracy_ci_lo": 0.9896049896049897,
    "accuracy_ci_hi": 1.0,
    "macro_f1": 0.9953025508808938,
    "macro_f1_ci_lo": 0.9880788312543404,
    "macro_f1_ci_hi": 1.0
  },
  "parallelism/BA": {
    "experiment": "B\u2192A",
    "task": "parallelism",
    "n_train": 481,
    "n_test": 600,
    "n_classes": 2,
    "accuracy": 0.9833333333333333,
    "accuracy_ci_lo": 0.9733333333333334,
    "accuracy_ci_hi": 0.9933333333333333,
    "macro_f1": 0.981202771964561,
    "macro_f1_ci_lo": 0.9699225175407592,
    "macro_f1_ci_hi": 0.992320466137249
  },
  "topology/AA": {
    "experiment": "A\u2192A",
    "task": "topology",
    "n_samples": 600,
    "n_classes": 3,
    "n_splits": 5,
    "accuracy": 0.9817077574831586,
    "accuracy_std": 0.016994096414368273,
    "accuracy_ci_lo": 0.97,
    "accuracy_ci_hi": 0.9916666666666667,
    "macro_f1": 0.9817049719795767,
    "macro_f1_std": 0.01700056026599362,
    "macro_f1_ci_lo": 0.9703381446365537,
    "macro_f1_ci_hi": 0.9916995072797381
  },
  "topology/BB": {
    "experiment": "B\u2192B",
    "task": "topology",
    "n_samples": 481,
    "n_classes": 3,
    "n_splits": 5,
    "accuracy": 0.9854573888698182,
    "accuracy_std": 0.005056880866629345,
    "accuracy_ci_lo": 0.972972972972973,
    "accuracy_ci_hi": 0.9958419958419958,
    "macro_f1": 0.9854293718264306,
    "macro_f1_std": 0.005028102773697495,
    "macro_f1_ci_lo": 0.9736263272977403,
    "macro_f1_ci_hi": 0.9957644068554691
  },
  "topology/AB": {
    "experiment": "A\u2192B",
    "task": "topology",
    "n_train": 600,
    "n_test": 481,
    "n_classes": 3,
    "accuracy": 0.9937629937629938,
    "accuracy_ci_lo": 0.9854469854469855,
    "accuracy_ci_hi": 1.0,
    "macro_f1": 0.9937494506353097,
    "macro_f1_ci_lo": 0.9853562148302769,
    "macro_f1_ci_hi": 1.0
  },
  "topology/BA": {
    "experiment": "B\u2192A",
    "task": "topology",
    "n_train": 481,
    "n_test": 600,
    "n_classes": 3,
    "accuracy": 0.9833333333333333,
    "accuracy_ci_lo": 0.9733333333333334,
    "accuracy_ci_hi": 0.9933333333333333,
    "macro_f1": 0.9833333333333334,
    "macro_f1_ci_lo": 0.9732255213856487,
    "macro_f1_ci_hi": 0.9930737096474984
  }
}