{
  "workflow": {
    "AA": {
      "accuracy": 0.6783333333333333,
      "accuracy_std": 0.041028445416970566,
      "macro_f1": 0.6782481615313063,
      "macro_f1_std": 0.04124252665385283
    },
    "A_Amodel": {
      "accuracy": 0.5916666666666667,
      "accuracy_ci_lo": 0.5516666666666666,
      "accuracy_ci_hi": 0.6316666666666667,
      "macro_f1": 0.5878333071100204,
      "macro_f1_ci_lo": 0.5488569737357769,
      "macro_f1_ci_hi": 0.6264165732198704
    },
    "A_Blogic": {
      "accuracy": 0.3440677966101695,
      "accuracy_ci_lo": 0.3050847457627119,
      "accuracy_ci_hi": 0.3847457627118644,
      "macro_f1": 0.32087621853058695,
      "macro_f1_ci_lo": 0.2832771241294047,
      "macro_f1_ci_hi": 0.3585016031208552
    },
    "AB": {
      "accuracy": 0.31,
      "accuracy_ci_lo": 0.2733333333333333,
      "accuracy_ci_hi": 0.35,
      "macro_f1": 0.28875594935090054,
      "macro_f1_ci_lo": 0.25506526997825235,
      "macro_f1_ci_hi": 0.32602399059979104
    }
  },
  "role": {
    "AA": {
      "accuracy": 0.8580556574627737,
      "accuracy_std": 0.012713019829473385,
      "macro_f1": 0.8558451984184904,
      "macro_f1_std": 0.012661199709180605
    },
    "A_Amodel": {
      "accuracy": 0.8311390955924441,
      "accuracy_ci_lo": 0.8133800801373784,
      "accuracy_ci_hi": 0.8483257012020606,
      "macro_f1": 0.8287449752740947,
      "macro_f1_ci_lo": 0.8097633109764307,
      "macro_f1_ci_hi": 0.8460890752050081
    },
    "A_Blogic": {
      "accuracy": 0.5106017191977077,
      "accuracy_ci_lo": 0.4882378223495702,
      "accuracy_ci_hi": 0.5335386819484241,
      "macro_f1": 0.5168515790063655,
      "macro_f1_ci_lo": 0.4942772448899622,
      "macro_f1_ci_hi": 0.5397189156075893
    },
    "AB": {
      "accuracy": 0.5683333333333334,
      "accuracy_ci_lo": 0.5460972222222222,
      "accuracy_ci_hi": 0.5916805555555555,
      "macro_f1": 0.568209794999444,
      "macro_f1_ci_lo": 0.5454952852256513,
      "macro_f1_ci_hi": 0.5914198714928254
    }
  }
}