{
  "model": "random_forest",
  "task": "parallelism",
  "train_network": "us_local",
  "test_network": "us_india_wan",
  "n_train": 600,
  "n_test": 395,
  "n_samples": 395,
  "accuracy": 0.5544303797468354,
  "macro_f1": 0.4360072689511942,
  "macro_precision": 0.7659574468085106,
  "macro_recall": 0.5487179487179488,
  "per_class": {
    "parallel": {
      "precision": 0.5319148936170213,
      "recall": 1.0,
      "f1": 0.6944444444444444,
      "support": 200
    },
    "sequential": {
      "precision": 1.0,
      "recall": 0.09743589743589744,
      "f1": 0.17757009345794392,
      "support": 195
    }
  },
  "random_baseline_accuracy": 0.5,
  "majority_baseline_accuracy": 0.5063291139240507,
  "majority_baseline_f1": 0.33613445378151263,
  "above_random": true,
  "above_majority": true
}