{
  "model": "random_forest",
  "task": "role",
  "train_network": "us_local",
  "test_network": "us_india_wan",
  "n_train": 1747,
  "n_test": 795,
  "n_samples": 795,
  "accuracy": 0.48930817610062893,
  "macro_f1": 0.5122485650426718,
  "macro_precision": 0.7620418527156114,
  "macro_recall": 0.6014345991561182,
  "per_class": {
    "executor": {
      "precision": 0.9827586206896551,
      "recall": 0.14430379746835442,
      "f1": 0.25165562913907286,
      "support": 395
    },
    "retriever": {
      "precision": 0.33277870216306155,
      "recall": 1.0,
      "f1": 0.4993757802746567,
      "support": 200
    },
    "validator": {
      "precision": 0.9705882352941176,
      "recall": 0.66,
      "f1": 0.7857142857142857,
      "support": 200
    }
  },
  "random_baseline_accuracy": 0.3333333333333333,
  "majority_baseline_accuracy": 0.4968553459119497,
  "majority_baseline_f1": 0.22128851540616246,
  "above_random": true,
  "above_majority": false
}